text,language,source,rating,permission_basis,publication_date,collection_date
Our guide was so knowledgeable and funny. Best food tour we've done anywhere.,en,Synthetic demo survey,,Synthetic text written for demonstration,,2026-07-15
"Loved the izakaya stops but we walked too fast between them, my parents struggled.",en,Synthetic demo survey,4,Synthetic text written for demonstration,2026-02-04,2026-07-15
Great food but I'm vegetarian and only two of the six tastings worked for me.,en,Synthetic demo survey,3,Synthetic text written for demonstration,2026-03-07,2026-07-15
"The meeting point was hard to find, we were 10 minutes late and missed the first stop.",en,Synthetic demo survey,3,Synthetic text written for demonstration,2026-04-10,2026-07-15
"Fantastic hidden alleys, felt like we saw where locals actually eat.",en,Synthetic demo survey,5,Synthetic text written for demonstration,2026-05-13,2026-07-15
"A bit expensive for what was included, drinks should not be extra at this price.",en,Synthetic demo survey,3,Synthetic text written for demonstration,,2026-07-15
"Group was 14 people, too big to hear the guide in the narrow lanes.",en,Synthetic demo survey,2,Synthetic text written for demonstration,2026-01-19,2026-07-15
Learned so much about Japanese etiquette and the history of the yokocho.,en,Synthetic demo survey,,Synthetic text written for demonstration,2026-02-22,2026-07-15
"It was extremely hot and humid in August, more water breaks would help.",en,Synthetic demo survey,4,Synthetic text written for demonstration,2026-03-25,2026-07-15
We have a toddler in a stroller and some stairs were difficult. Please say so when booking.,en,Synthetic demo survey,3,Synthetic text written for demonstration,2026-04-01,2026-07-15
"Halal options were clearly explained, thank you for planning this so carefully.",en,Synthetic demo survey,5,Synthetic text written for demonstration,,2026-07-15
The tour ran 40 minutes over and we missed our dinner reservation.,en,Synthetic demo survey,3,Synthetic text written for demonstration,2026-06-07,2026-07-15
Guide's English was clear and she answered every question.,en,Synthetic demo survey,5,Synthetic text written for demonstration,2026-01-10,2026-07-15
"Too crowded at the famous market, the quieter side streets were much better.",en,Synthetic demo survey,4,Synthetic text written for demonstration,2026-02-13,2026-07-15
Would love a private tour option for our family next time.,en,Synthetic demo survey,,Synthetic text written for demonstration,2026-03-16,2026-07-15
Rain all evening but the guide had umbrellas for everyone. Great service.,en,Synthetic demo survey,5,Synthetic text written for demonstration,,2026-07-15
"Portions were small, I was still hungry afterwards.",en,Synthetic demo survey,3,Synthetic text written for demonstration,2026-05-22,2026-07-15
"Booking confirmation email never arrived, had to message on WhatsApp.",en,Synthetic demo survey,3,Synthetic text written for demonstration,2026-06-25,2026-07-15
"Great value, more tastings than I expected.",en,Synthetic demo survey,5,Synthetic text written for demonstration,2026-01-01,2026-07-15
My wife has a shellfish allergy and the guide checked every dish. Very reassuring.,en,Synthetic demo survey,5,Synthetic text written for demonstration,2026-02-04,2026-07-15
"Felt rushed at the end, three hours was not enough for all the stops.",en,Synthetic demo survey,4,Synthetic text written for demonstration,,2026-07-15
"The sake tasting was the highlight, very well explained.",en,Synthetic demo survey,,Synthetic text written for demonstration,2026-04-10,2026-07-15
"Not suitable for someone with limited mobility, lots of walking and steps.",en,Synthetic demo survey,2,Synthetic text written for demonstration,2026-05-13,2026-07-15
A small group of six made it feel personal and relaxed.,en,Synthetic demo survey,5,Synthetic text written for demonstration,2026-06-16,2026-07-15
Expected more about the history of the area and less shopping.,en,Synthetic demo survey,3,Synthetic text written for demonstration,2026-01-19,2026-07-15
Start time of 5pm was perfect after a day of sightseeing.,en,Synthetic demo survey,5,Synthetic text written for demonstration,,2026-07-15
We booked the English tour but the guide often switched to Japanese with the shop owners without translating.,en,Synthetic demo survey,3,Synthetic text written for demonstration,2026-03-25,2026-07-15
Vegan friend had almost nothing to eat. Please offer a plant-based version.,en,Synthetic demo survey,2,Synthetic text written for demonstration,2026-04-01,2026-07-15
Would pay more for a smaller group.,en,Synthetic demo survey,,Synthetic text written for demonstration,2026-05-04,2026-07-15
"The ramen stop was incredible, we went back the next day.",en,Synthetic demo survey,5,Synthetic text written for demonstration,2026-06-07,2026-07-15
"Guide recommended places for the rest of our trip, super helpful.",en,Synthetic demo survey,5,Synthetic text written for demonstration,,2026-07-15
"Hard to find the start, the map in the email pointed to the wrong exit.",en,Synthetic demo survey,2,Synthetic text written for demonstration,2026-02-13,2026-07-15
"Too much walking in the heat, would prefer fewer stops closer together.",en,Synthetic demo survey,3,Synthetic text written for demonstration,2026-03-16,2026-07-15
"Great for first-time visitors, explained how to order and pay.",en,Synthetic demo survey,5,Synthetic text written for demonstration,2026-04-19,2026-07-15
"Kids loved the sweets, but it was a long evening for them.",en,Synthetic demo survey,4,Synthetic text written for demonstration,2026-05-22,2026-07-15
Price seemed fair compared with other tours we looked at.,en,Synthetic demo survey,,Synthetic text written for demonstration,,2026-07-15
ガイドさんがとても親切で、英語の説明も分かりやすかったです。,ja,Synthetic demo survey,5,Synthetic text written for demonstration,2026-01-01,2026-07-15
"La comida estaba deliciosa, pero el grupo era demasiado grande.",es,Synthetic demo survey,4,Synthetic text written for demonstration,2026-02-04,2026-07-15
"Queue at the first stop took 25 minutes, that time could have been used better.",en,Synthetic demo survey,3,Synthetic text written for demonstration,2026-03-07,2026-07-15
Gluten-free options were limited but the guide tried hard.,en,Synthetic demo survey,4,Synthetic text written for demonstration,2026-04-10,2026-07-15
